Index,Value,Ranking
2268,5521.61,2602.0
2269,5600.78,2594.0
2270,5792.71,2581.0
2271,5940.69,2565.0
2272,6069.29,2550.0
2273,6230.88,2523.0
2274,6283.12,2516.0
2275,6428.95,2503.0
2276,6891.12,2459.0
2277,7634.06,2405.0
2278,7854.45,2388.0
2279,8436.25,2344.0
2280,32625.51,857.0
2281,33036.71,835.0
2282,33704.63,817.0
2283,34909.61,783.0
2284,35044.43,780.0
2285,36273.24,747.0
2286,36477.99,742.0
2287,37129.12,722.0
2288,39788.21,648.0
2289,43998.96,551.0
2290,45579.46,516.0
2291,48867.05,462.0
2292,33467.89,823.0
2293,33867.13,812.0
2294,34698.6,788.0
2295,35727.48,765.0
2296,35997.46,754.0
2297,36991.13,725.0
2298,37458.48,710.0
2299,37761.01,698.0
2300,40296.95,638.0
2301,45100.93,528.0
2302,47145.51,489.0
2303,50960.23,429.0
2304,10324.33,2203.0
2305,10445.21,2194.0
2306,10628.97,2185.0
2307,10908.63,2157.0
2308,11035.08,2148.0
2309,11336.34,2127.0
2310,11376.4,2123.0
2311,11561.9,2105.0
2312,12381.34,2038.0
2313,13753.73,1921.0
2314,14272.9,1868.0
2315,15346.69,1805.0
2316,22837.58,1336.0
2317,23173.16,1318.0
2318,23665.09,1294.0
2319,24339.72,1246.0
2320,24713.37,1221.0
2321,25555.8,1179.0
2322,25787.93,1159.0
2323,26173.15,1142.0
2324,27923.91,1059.0
2325,31221.15,912.0
2326,32350.59,868.0
2327,34908.36,784.0
2328,27610.81,1068.0
2329,28022.17,1053.0
2330,28576.4,1020.0
2331,29483.37,983.0
2332,29991.76,960.0
2333,31047.4,916.0
2334,31488.06,902.0
2335,31869.08,890.0
2336,34087.85,805.0
2337,37917.29,694.0
2338,39422.02,658.0
2339,42315.47,586.0
2340,10425.71,2195.0
2341,10574.16,2189.0
2342,10819.35,2167.0
2343,11223.82,2135.0
2344,11399.63,2120.0
2345,11718.91,2091.0
2346,11853.4,2077.0
2347,11901.12,2075.0
2348,12578.57,2021.0
2349,14185.62,1881.0
2350,14915.11,1835.0
2351,16014.28,1771.0
2352,13543.65,1936.0
2353,13717.51,1925.0
2354,14095.99,1893.0
2355,14637.53,1848.0
2356,14853.46,1838.0
2357,15339.55,1806.0
2358,15563.39,1796.0
2359,15649.47,1789.0
2360,16713.98,1736.0
2361,18802.94,1614.0
2362,19736.12,1546.0
2363,21294.21,1439.0
2364,7546.47,2411.0
2365,7665.86,2402.0
2366,7911.55,2385.0
2367,8183.28,2364.0
2368,8267.35,2358.0
2369,8506.71,2339.0
2370,8684.02,2325.0
2371,8753.32,2318.0
2372,9297.52,2278.0
2373,10272.66,2205.0
2374,10649.29,2183.0
2375,11393.01,2121.0
2376,0.0,2826.5
2377,0.0,2826.5
2378,0.0,2826.5
2379,0.0,2826.5
2380,0.0,2826.5
2381,0.0,2826.5
2382,0.0,2826.5
2383,0.0,2826.5
2384,0.0,2826.5
2385,0.0,2826.5
2386,0.0,2826.5
0,18014.49,1650.0
1,18284.41,1637.0
2,18565.44,1628.0
3,18953.18,1602.0
4,19489.53,1562.0
5,20206.89,1514.0
6,21304.37,1438.0
7,22096.16,1381.0
8,22772.49,1339.0
9,24457.52,1234.0
10,26953.02,1101.0
11,27580.43,1070.0
12,32197.92,873.0
13,32863.16,847.0
14,33381.94,825.0
15,33835.99,813.0
16,34707.66,787.0
17,35730.43,764.0
18,37323.03,716.0
19,38379.28,680.0
20,39774.65,649.0
21,43044.71,568.0
22,47414.79,485.0
23,49092.64,459.0
24,14635.42,1850.0
25,15014.57,1829.0
26,15189.89,1818.0
27,15277.52,1810.0
28,15698.23,1787.0
29,16194.1,1762.0
30,16860.24,1722.0
31,17321.65,1694.0
32,17982.56,1657.0
33,19374.94,1573.0
34,21132.15,1448.0
35,21979.74,1394.0
36,27261.73,1089.0
37,27868.37,1060.0
38,28266.17,1040.0
39,28639.92,1016.0
40,29452.34,985.0
41,30381.16,943.0
42,31646.95,896.0
43,32475.4,859.0
44,33746.91,815.0
45,36700.77,737.0
46,40475.97,633.0
47,41695.48,603.0
48,22004.02,1392.0
49,22440.73,1364.0
50,22739.05,1343.0
51,22958.16,1328.0
52,23620.12,1296.0
53,24285.7,1254.0
54,25292.93,1195.0
55,25896.92,1156.0
56,26951.92,1102.0
57,29223.49,994.0
58,32308.69,869.0
59,33179.15,831.0
60,21715.42,1416.0
61,22156.18,1376.0
62,22436.54,1365.0
63,22505.03,1359.0
64,23148.15,1320.0
65,23913.44,1277.0
66,24782.62,1215.0
67,25337.26,1191.0
68,26222.86,1139.0
69,28846.82,1002.0
70,31964.35,882.0
71,32920.78,841.0
72,7534.86,2412.0
73,7671.15,2399.0
74,7671.85,2398.0
75,7758.46,2392.0
76,7976.76,2379.0
77,8328.32,2352.0
78,8654.38,2327.0
79,8949.68,2306.0
80,9346.54,2275.0
81,9987.9,2224.0
82,10819.97,2166.0
83,11156.64,2139.0
84,20370.25,1504.0
85,20536.73,1492.0
86,20564.36,1489.0
87,20685.2,1477.0
88,21237.89,1443.0
89,21808.44,1411.0
90,22677.67,1348.0
91,23476.35,1305.0
92,24034.8,1268.0
93,25670.33,1172.0
94,27607.49,1069.0
95,28500.9,1025.0
96,17203.06,1703.0
97,17468.43,1686.0
98,17580.01,1684.0
99,17778.41,1672.0
100,18193.79,1640.0
101,18666.56,1622.0
102,19454.96,1565.0
103,20044.18,1526.0
104,20698.58,1475.0
105,22166.24,1375.0
106,24012.09,1269.0
107,24752.82,1217.0
108,4491.08,2648.0
109,4589.9,2643.0
110,4699.02,2639.0
111,4725.39,2637.0
112,4927.93,2631.0
113,5060.05,2628.0
114,5291.71,2616.0
115,5534.4,2601.0
116,5751.19,2586.0
117,6290.02,2515.0
118,6802.32,2469.0
119,7064.56,2444.0
120,7830.7,2389.0
121,7960.37,2381.0
122,8030.94,2376.0
123,8086.2,2372.0
124,8335.3,2351.0
125,8528.84,2336.0
126,8891.73,2309.0
127,9226.47,2289.0
128,9541.76,2261.0
129,10190.38,2212.0
130,11036.44,2147.0
131,11373.43,2124.0
132,0.0,2826.5
133,0.0,2826.5
134,0.0,2826.5
135,0.0,2826.5
136,0.0,2826.5
137,0.0,2826.5
138,0.0,2826.5
139,0.0,2826.5
140,0.0,2826.5
141,0.0,2826.5
142,0.0,2826.5
144,4300.63,2656.0
145,4457.75,2650.0
146,4453.0,2651.0
147,4460.18,2649.0
148,4442.65,2652.0
149,5069.97,2627.0
150,5155.17,2624.0
151,5268.67,2618.0
152,5902.85,2569.0
153,6253.77,2519.0
154,6883.21,2461.0
156,4737.15,2636.0
157,4783.16,2635.0
158,5111.19,2625.0
159,5336.57,2613.0
160,5594.82,2595.0
161,5921.85,2568.0
162,5966.35,2561.0
163,5725.23,2587.0
164,6023.1,2554.0
165,6741.63,2477.0
166,7496.61,2414.0
168,5902.53,2570.0
169,6138.18,2534.0
170,6351.41,2510.0
171,6134.54,2536.0
172,6080.84,2547.0
173,6969.25,2453.0
174,6799.51,2470.0
175,6791.51,2471.0
176,7445.25,2422.0
177,8451.52,2343.0
178,9413.55,2269.0
180,6393.98,2507.0
181,6303.6,2512.0
182,6675.07,2481.0
183,6877.42,2462.0
184,7383.23,2427.0
185,8095.03,2370.0
186,7633.58,2406.0
187,7666.44,2401.0
188,8285.15,2356.0
189,8840.46,2314.0
190,9947.78,2228.0
192,20275.44,1509.0
193,21670.47,1418.0
194,22278.74,1370.0
195,23974.92,1272.0
196,25506.79,1181.0
197,27505.65,1076.0
198,28479.08,1026.0
199,26325.03,1135.0
200,28189.31,1045.0
201,33525.81,820.0
202,38643.86,676.0
204,8489.61,2342.0
205,8889.37,2310.0
206,8972.17,2305.0
207,9516.33,2263.0
208,9657.95,2250.0
209,10665.12,2181.0
210,10733.69,2173.0
211,10112.48,2214.0
212,11566.22,2104.0
213,13256.54,1964.0
214,14754.39,1841.0
1920,12652.61,2015.0
1921,11833.81,2079.0
1922,12177.24,2052.0
1923,13283.57,1963.0
1924,13976.67,1900.0
1925,14882.64,1836.0
1926,16327.66,1755.0
1927,16529.66,1744.0
1928,16974.69,1715.0
1929,17848.34,1666.0
1930,19517.8,1561.0
1931,21304.53,1437.0
216,18564.4,1629.0
217,19401.63,1571.0
218,19482.51,1563.0
219,19935.25,1535.0
220,22950.53,1329.0
221,23951.54,1275.0
222,24042.55,1264.0
223,23644.18,1295.0
224,25455.11,1186.0
225,27479.54,1078.0
226,30072.52,954.0
227,32984.23,838.0
228,16323.12,1756.0
229,17055.23,1711.0
230,17235.99,1698.0
231,18433.73,1634.0
232,19280.37,1580.0
233,20699.2,1474.0
234,21930.0,1399.0
235,20795.85,1468.0
236,21874.72,1404.0
237,24898.3,1209.0
238,27219.31,1090.0
239,28332.1,1035.0
240,13176.07,1970.0
241,13871.72,1908.0
242,14231.74,1876.0
243,14414.25,1862.0
244,15370.61,1804.0
245,15954.61,1775.0
246,16740.25,1732.0
247,16856.81,1723.0
248,17427.51,1690.0
249,19032.16,1596.0
250,21059.41,1450.0
251,21907.38,1401.0
252,10850.12,2164.0
253,11279.58,2132.0
254,11512.11,2109.0
255,11890.06,2076.0
256,12551.85,2025.0
257,13148.73,1973.0
258,13789.57,1918.0
259,13952.02,1902.0
260,14014.73,1895.0
261,15438.01,1801.0
262,17085.22,1709.0
263,17347.78,1692.0
264,15800.3,1782.0
265,16768.24,1730.0
266,17036.51,1712.0
267,17445.9,1688.0
268,18514.69,1631.0
269,19388.33,1572.0
270,20541.19,1490.0
271,20328.64,1506.0
272,20639.87,1480.0
273,22914.64,1334.0
274,25200.88,1198.0
275,25766.11,1164.0
276,18607.14,1624.0
277,19553.82,1560.0
278,20043.78,1527.0
279,20299.78,1508.0
280,21588.14,1422.0
281,22591.76,1355.0
282,24131.08,1259.0
283,24101.48,1261.0
284,24659.56,1226.0
285,27161.19,1094.0
286,29995.55,959.0
287,30726.84,930.0
288,12428.17,2034.0
289,13097.73,1979.0
290,13421.84,1945.0
291,13529.69,1939.0
292,14253.39,1873.0
293,14918.4,1834.0
294,15602.5,1791.0
295,15729.44,1784.0
296,16007.83,1772.0
297,17782.77,1671.0
298,19699.94,1549.0
299,19802.88,1542.0
300,12261.25,2047.0
301,12933.99,1991.0
302,13005.34,1986.0
303,13297.57,1962.0
304,13998.7,1897.0
305,14685.36,1843.0
306,15306.3,1808.0
307,15266.44,1812.0
308,15538.79,1798.0
309,17097.22,1708.0
310,18758.91,1618.0
311,18990.17,1601.0
372,85850.27,170.0
373,88818.69,155.0
374,90361.25,150.0
375,93163.77,141.0
376,97716.68,120.0
377,100565.84,111.0
378,101126.35,109.0
379,99071.55,116.0
380,102635.05,105.0
381,110780.74,83.0
382,117328.27,69.0
384,54931.39,382.0
385,56666.09,363.0
386,57805.87,352.0
387,59319.13,334.0
388,61478.15,312.0
389,64767.21,284.0
390,65093.76,279.0
391,64589.92,286.0
392,66338.51,265.0
393,71395.6,231.0
394,75869.05,209.0
396,44521.51,538.0
397,46297.74,506.0
398,47771.12,476.0
399,49266.46,454.0
400,51036.32,428.0
401,53663.17,398.0
402,53643.44,399.0
403,53384.64,401.0
404,54096.68,391.0
405,58412.1,345.0
406,61713.56,308.0
408,36928.13,727.0
409,38624.51,677.0
410,39174.19,663.0
411,40028.6,643.0
412,42120.23,593.0
413,44139.19,549.0
414,44430.57,541.0
415,44186.04,547.0
416,45498.75,519.0
417,49385.42,452.0
418,52072.84,419.0
420,104521.48,101.0
421,110496.32,87.0
422,110760.37,84.0
423,117805.93,66.0
424,120389.0,58.0
425,127166.1,52.0
426,129928.53,43.0
427,127279.0,51.0
428,129371.67,46.0
429,140884.35,33.0
430,149959.04,28.0
432,23305.19,1313.0
433,23825.98,1284.0
434,24406.01,1239.0
435,25424.82,1188.0
436,26508.3,1124.0
437,28147.39,1047.0
438,28537.01,1023.0
439,28058.19,1051.0
440,29066.19,997.0
441,31905.94,888.0
442,33520.72,821.0
444,20772.99,1469.0
445,21318.59,1435.0
446,21958.9,1396.0
447,22666.96,1349.0
448,23457.86,1306.0
449,24716.76,1220.0
450,25090.86,1200.0
451,25074.32,1201.0
452,25955.07,1153.0
453,28223.59,1044.0
454,29824.22,967.0
456,20830.25,1465.0
457,21018.16,1451.0
458,21433.69,1428.0
459,21926.95,1400.0
460,22625.36,1351.0
461,23582.52,1299.0
462,23786.97,1289.0
463,23797.75,1288.0
464,24539.11,1229.0
465,26574.12,1120.0
466,28159.5,1046.0
468,35217.76,778.0
469,35956.69,756.0
470,36883.3,728.0
471,37730.95,700.0
472,39112.22,666.0
473,41085.28,616.0
474,41359.41,609.0
475,40882.56,621.0
476,42766.29,574.0
477,46319.85,505.0
478,49211.26,456.0
480,25753.91,1165.0
481,26418.3,1131.0
482,26941.3,1103.0
483,27428.1,1081.0
484,28669.33,1015.0
485,29828.12,965.0
486,30049.04,956.0
487,29796.88,970.0
488,31173.73,913.0
489,33867.86,811.0
490,35917.95,758.0
492,37212.08,720.0
493,38257.41,687.0
494,39155.4,665.0
495,40125.66,640.0
496,41991.41,599.0
497,44158.92,548.0
498,44539.25,537.0
499,44510.93,539.0
500,45769.25,509.0
501,50065.02,441.0
502,52864.22,411.0
504,58497.44,344.0
505,59976.49,326.0
506,62314.25,301.0
507,64143.44,289.0
508,68413.53,250.0
509,71540.83,229.0
510,73487.89,220.0
511,74140.44,218.0
512,76208.77,207.0
513,82429.19,186.0
514,88237.36,157.0
516,41326.77,611.0
517,42329.36,585.0
518,43012.89,569.0
519,44722.52,535.0
520,47442.05,484.0
521,49623.74,448.0
522,50662.7,433.0
523,52498.8,416.0
524,54015.48,392.0
525,57825.04,350.0
526,60838.49,319.0
528,12019.0,2066.0
529,12233.32,2048.0
530,12366.5,2040.0
531,12692.78,2010.0
532,13237.29,1967.0
533,13767.02,1920.0
534,14048.0,1894.0
535,13839.77,1911.0
536,14127.86,1887.0
537,15244.84,1813.0
538,16035.42,1770.0
540,37541.52,705.0
541,37619.38,704.0
542,39027.63,668.0
543,40853.27,623.0
544,41342.02,610.0
545,43683.49,556.0
546,43537.68,560.0
547,42831.8,573.0
548,43659.41,557.0
549,47605.56,481.0
550,50533.21,435.0
552,79129.66,194.0
553,82038.32,188.0
554,84603.84,175.0
555,86871.34,164.0
556,89603.44,151.0
557,94149.71,135.0
558,94240.35,134.0
559,93797.77,137.0
560,97003.8,125.0
561,103533.47,103.0
562,110623.71,86.0
564,19119.31,1591.0
565,19649.46,1553.0
566,20131.21,1518.0
567,20446.39,1502.0
568,21161.51,1447.0
569,21897.04,1402.0
570,22068.99,1384.0
571,22005.18,1391.0
572,22330.54,1368.0
573,23849.69,1282.0
574,25325.53,1192.0
576,22020.84,1390.0
577,22611.66,1352.0
578,23006.61,1324.0
579,23576.97,1300.0
580,24419.32,1237.0
581,25516.58,1180.0
582,25695.98,1169.0
583,25776.07,1160.0
584,26172.32,1143.0
585,27950.9,1057.0
586,29577.0,981.0
588,25482.5,1184.0
589,25966.63,1152.0
590,26494.36,1126.0
591,27372.29,1086.0
592,28847.94,1001.0
593,30201.32,949.0
594,31110.98,914.0
595,31997.69,881.0
596,32751.57,854.0
597,35391.03,771.0
598,36700.11,738.0
600,29606.32,979.0
601,30437.82,940.0
602,31004.81,919.0
603,31344.05,909.0
604,32298.67,870.0
605,33900.32,810.0
606,34444.97,793.0
607,34554.02,791.0
608,34850.65,785.0
609,37029.19,724.0
610,39166.05,664.0
612,39012.17,669.0
613,40108.92,641.0
614,40752.14,626.0
615,41634.37,605.0
616,43139.21,567.0
617,45145.51,526.0
618,45689.93,514.0
619,45822.44,508.0
620,47030.71,491.0
621,50167.57,439.0
622,52951.05,407.0
624,32168.86,874.0
625,32916.91,842.0
626,33299.33,826.0
627,34206.19,798.0
628,35779.58,762.0
629,37509.68,706.0
630,38243.31,688.0
631,38126.56,689.0
632,39186.49,661.0
633,42622.86,577.0
634,44732.08,534.0
636,44473.79,540.0
637,45762.86,510.0
638,46734.13,497.0
639,47786.83,475.0
640,50294.27,438.0
641,52868.08,410.0
642,54012.97,393.0
643,53789.79,397.0
644,55442.27,376.0
645,60880.24,316.0
646,63550.87,291.0
648,96301.11,129.0
649,98240.15,118.0
650,99542.83,114.0
651,101927.65,106.0
652,105724.24,96.0
653,110353.34,88.0
654,111645.02,79.0
655,112443.18,78.0
656,115012.81,72.0
657,123075.77,57.0
658,129964.39,42.0
660,82041.37,187.0
661,84025.1,177.0
662,86244.68,167.0
663,88321.9,156.0
664,91682.81,148.0
665,96962.6,126.0
666,97691.74,121.0
667,98678.68,117.0
668,101527.78,108.0
669,108962.61,91.0
670,114936.74,73.0
672,46371.61,503.0
673,47602.89,482.0
674,48598.15,469.0
675,49811.38,446.0
676,51694.99,423.0
677,54380.06,386.0
678,55396.05,377.0
679,56183.72,367.0
680,57818.38,351.0
681,62501.74,298.0
682,65458.17,275.0
684,38943.67,672.0
685,40085.53,642.0
686,40715.34,628.0
687,41747.77,601.0
688,42600.75,578.0
689,45104.75,527.0
690,45326.04,523.0
691,45541.06,517.0
692,46775.51,496.0
693,50823.76,430.0
694,53127.23,405.0
696,65587.28,272.0
697,67203.17,256.0
698,68147.82,252.0
699,69307.47,243.0
700,71798.61,226.0
701,74799.39,213.0
702,75016.73,212.0
703,75213.99,210.0
704,77514.8,202.0
705,83081.49,183.0
706,87355.93,162.0
708,28233.85,1043.0
709,28621.88,1018.0
710,29313.79,991.0
711,30204.87,948.0
712,30826.98,928.0
713,32470.17,860.0
714,32376.06,867.0
715,32770.55,852.0
716,33954.17,809.0
717,36709.08,736.0
718,38533.06,678.0
720,9573.16,2257.0
721,9828.41,2238.0
722,9900.38,2233.0
723,10220.59,2209.0
724,10559.2,2190.0
725,11128.74,2141.0
726,11387.65,2122.0
727,11448.18,2113.0
728,11573.87,2101.0
729,12529.4,2027.0
730,13317.66,1959.0
732,38375.29,681.0
733,39436.84,657.0
734,40488.82,632.0
735,41190.65,612.0
736,42487.6,582.0
737,44750.02,533.0
738,45389.67,522.0
739,45695.38,513.0
740,46361.23,504.0
741,49532.64,449.0
742,52506.19,415.0
744,17837.97,1668.0
745,17805.82,1670.0
746,18147.02,1643.0
747,18586.69,1626.0
748,19286.84,1577.0
749,20073.89,1525.0
750,20573.13,1488.0
751,20109.77,1522.0
752,20602.74,1483.0
753,21931.56,1398.0
754,23225.91,1316.0
756,26404.62,1132.0
757,26859.49,1108.0
758,27515.46,1075.0
759,28387.54,1031.0
760,29591.17,980.0
761,30979.24,922.0
762,31616.06,899.0
763,32268.59,871.0
764,32814.28,850.0
765,35231.72,777.0
766,37176.71,721.0
768,24508.44,1230.0
769,24878.29,1210.0
770,25356.63,1190.0
771,25917.02,1155.0
772,26886.66,1107.0
773,27949.34,1058.0
774,28247.79,1042.0
775,28532.48,1024.0
776,28965.38,999.0
777,31044.38,918.0
778,32672.85,856.0
780,16305.79,1757.0
781,16638.33,1739.0
782,17302.59,1695.0
783,17983.35,1656.0
784,18925.3,1604.0
785,19916.19,1538.0
786,20467.26,1499.0
787,20840.67,1463.0
788,21380.45,1431.0
789,22915.0,1333.0
790,24151.54,1258.0
792,36106.91,751.0
793,36737.67,733.0
794,37282.46,717.0
795,38266.54,686.0
796,40016.13,644.0
797,41364.81,608.0
798,42170.36,590.0
799,43232.28,564.0
800,44114.8,550.0
801,46791.91,495.0
802,48783.04,467.0
804,54786.49,384.0
805,55989.87,370.0
806,57566.08,355.0
807,58788.34,340.0
808,61970.77,306.0
809,64717.36,285.0
810,65681.95,271.0
811,66284.46,266.0
812,68453.7,249.0
813,74476.62,216.0
814,77933.87,200.0
816,35303.19,774.0
817,35709.13,766.0
818,36326.62,746.0
819,37417.01,712.0
820,38964.79,671.0
821,40927.53,620.0
822,41414.7,607.0
823,42220.75,588.0
824,43201.19,565.0
825,46501.16,502.0
826,48827.36,465.0
312,25300.76,1193.0
313,25445.29,1187.0
314,26932.94,1104.0
315,28015.0,1054.0
316,29668.29,973.0
317,31460.48,905.0
318,31811.77,894.0
319,31956.37,884.0
320,33441.45,824.0
321,36264.83,748.0
322,39833.38,647.0
323,41518.69,606.0
324,11181.36,2136.0
325,11110.85,2143.0
326,11720.7,2090.0
327,12070.85,2059.0
328,12680.37,2011.0
329,13256.05,1965.0
330,13424.42,1944.0
331,13528.39,1940.0
332,14111.95,1888.0
333,14796.63,1839.0
334,16129.49,1766.0
335,16714.23,1735.0
336,16006.51,1773.0
337,15834.28,1781.0
338,16646.48,1737.0
339,17082.99,1710.0
340,17955.72,1659.0
341,18815.1,1611.0
342,19018.32,1598.0
343,19155.2,1588.0
344,19940.51,1534.0
345,20957.73,1454.0
346,22301.25,1369.0
347,23449.52,1308.0
348,17157.31,1705.0
349,16921.79,1718.0
350,17913.32,1662.0
351,18520.58,1630.0
352,19574.06,1557.0
353,20600.61,1484.0
354,20913.5,1457.0
355,21123.71,1449.0
356,22038.5,1388.0
357,23456.97,1307.0
358,25294.1,1194.0
359,26468.69,1127.0
360,7771.48,2390.0
361,7652.15,2404.0
362,8017.91,2377.0
363,8243.06,2361.0
364,8698.52,2323.0
365,9070.57,2300.0
366,9177.75,2292.0
367,9255.19,2283.0
368,9595.91,2253.0
369,10069.18,2217.0
370,10775.87,2169.0
371,11263.71,2133.0
828,12581.19,2020.0
829,12926.97,1992.0
830,13821.83,1913.0
831,14259.05,1871.0
832,14971.52,1831.0
833,16495.04,1746.0
834,17141.29,1706.0
835,17179.69,1704.0
836,17600.26,1682.0
837,18169.1,1642.0
838,19767.71,1544.0
839,21164.54,1446.0
876,45727.18,512.0
877,48526.2,472.0
878,47637.93,479.0
879,48531.61,471.0
880,49502.94,450.0
881,48581.86,470.0
882,52010.65,420.0
883,49862.84,444.0
884,56399.46,365.0
885,59642.23,329.0
886,65556.8,273.0
888,2038.3,2752.0
889,2125.99,2751.0
890,2146.33,2749.0
891,2131.55,2750.0
892,2252.74,2745.0
893,2220.78,2746.0
894,2442.92,2735.0
895,2286.33,2741.0
896,2542.51,2732.0
897,2659.82,2724.0
898,2962.1,2714.0
900,3642.8,2673.0
901,4582.08,2645.0
902,4817.31,2634.0
903,4155.43,2661.0
904,4526.96,2647.0
905,4685.05,2640.0
906,5309.71,2614.0
907,4004.79,2667.0
908,4984.53,2629.0
909,5622.9,2591.0
910,6430.45,2502.0
912,5504.46,2604.0
913,6452.49,2501.0
914,6460.0,2500.0
915,6381.75,2508.0
916,6753.8,2476.0
917,6755.75,2474.0
918,7452.65,2421.0
919,6707.25,2478.0
920,7680.0,2397.0
921,8346.73,2350.0
922,9367.72,2272.0
924,5394.87,2610.0
925,5771.77,2583.0
926,5825.16,2579.0
927,5805.9,2580.0
928,6042.05,2552.0
929,5984.31,2557.0
930,6460.62,2499.0
931,5983.88,2558.0
932,6653.51,2484.0
933,6848.78,2466.0
934,7574.76,2409.0
936,18766.72,1617.0
937,19695.99,1550.0
938,19693.43,1551.0
939,19933.18,1537.0
940,20514.21,1493.0
941,20330.21,1505.0
942,21832.27,1408.0
943,20620.8,1481.0
944,23047.54,1322.0
945,24229.99,1255.0
946,26555.96,1121.0
948,2968.6,2712.0
949,3141.94,2701.0
950,3127.55,2703.0
951,2993.14,2711.0
952,3090.53,2708.0
953,3051.07,2710.0
954,3285.93,2693.0
955,3137.78,2702.0
956,3438.83,2686.0
957,3580.21,2678.0
958,3976.6,2668.0
960,3396.67,2688.0
961,3475.13,2683.0
962,3455.97,2684.0
963,3513.64,2680.0
964,3621.11,2676.0
965,3616.24,2677.0
966,3889.49,2669.0
967,3653.08,2672.0
968,4081.99,2665.0
969,4267.83,2658.0
970,4722.16,2638.0
972,7139.83,2440.0
973,7474.63,2418.0
974,7414.57,2426.0
975,7188.26,2439.0
976,7506.57,2413.0
977,7443.4,2423.0
978,7920.43,2383.0
979,7495.29,2415.0
980,8312.56,2353.0
981,8590.65,2332.0
982,9523.36,2262.0
984,2214.48,2747.0
985,2568.58,2731.0
986,2576.61,2730.0
987,2613.58,2728.0
988,2756.63,2721.0
989,2855.9,2716.0
990,3160.59,2699.0
991,2610.2,2729.0
992,3120.78,2704.0
993,3441.83,2685.0
994,3878.76,2670.0
996,5960.95,2562.0
997,6291.86,2514.0
998,6242.36,2521.0
999,6253.68,2520.0
1000,6497.29,2497.0
1001,6397.15,2506.0
1002,6820.27,2468.0
1003,6560.61,2492.0
1004,7116.35,2441.0
1005,7492.15,2416.0
1006,8301.1,2355.0
1008,5272.22,2617.0
1009,5576.75,2598.0
1010,5459.65,2606.0
1011,5421.16,2608.0
1012,5578.21,2597.0
1013,5493.61,2605.0
1014,5897.76,2571.0
1015,5615.63,2592.0
1016,6175.23,2529.0
1017,6528.09,2494.0
1018,7279.6,2434.0
1020,5588.04,2596.0
1021,5883.34,2575.0
1022,5844.82,2578.0
1023,5859.18,2577.0
1024,6077.89,2549.0
1025,5991.25,2555.0
1026,6490.14,2498.0
1027,6116.95,2540.0
1028,6776.47,2472.0
1029,7100.52,2442.0
1030,7911.66,2384.0
1032,35270.33,776.0
1033,35994.36,755.0
1034,37650.34,703.0
1035,38373.48,682.0
1036,39755.44,650.0
1037,40215.15,639.0
1038,42069.46,595.0
1039,40661.89,630.0
1040,43688.98,555.0
1041,46602.01,498.0
1042,53404.53,400.0
1044,15128.62,1823.0
1045,15199.39,1817.0
1046,15919.71,1777.0
1047,15867.86,1778.0
1048,16469.94,1749.0
1049,16611.91,1742.0
1050,17233.11,1699.0
1051,16735.37,1733.0
1052,17912.92,1663.0
1053,19178.29,1585.0
1054,21773.26,1414.0
1056,8037.18,2375.0
1057,8142.69,2366.0
1058,8574.41,2334.0
1059,8813.55,2316.0
1060,9234.78,2287.0
1061,9390.28,2270.0
1062,9670.0,2249.0
1063,9234.76,2288.0
1064,10022.05,2220.0
1065,10673.2,2179.0
1066,11980.29,2069.0
1068,39330.07,660.0
1069,39579.24,655.0
1070,41155.86,614.0
1071,42006.17,598.0
1072,43893.06,554.0
1073,44349.37,542.0
1074,46531.41,501.0
1075,44294.27,543.0
1076,47551.75,483.0
1077,51632.37,424.0
1078,59603.22,331.0
1080,10831.78,2165.0
1081,10923.49,2155.0
1082,11476.23,2111.0
1083,11659.25,2094.0
1084,12044.35,2060.0
1085,11998.65,2068.0
1086,12535.39,2026.0
1087,11737.89,2085.0
1088,12769.8,2002.0
1089,13779.12,1919.0
1090,16001.74,1774.0
1092,4540.31,2646.0
1093,4589.82,2644.0
1094,4821.4,2633.0
1095,4917.34,2632.0
1096,5093.88,2626.0
1097,5174.08,2623.0
1098,5347.41,2612.0
1099,5181.29,2622.0
1100,5518.78,2603.0
1101,5948.45,2564.0
1102,6776.06,2473.0
1104,19990.59,1531.0
1105,19988.09,1532.0
1106,20837.81,1464.0
1107,21280.24,1440.0
1108,22073.47,1383.0
1109,22249.15,1373.0
1110,23404.59,1310.0
1111,22748.92,1342.0
1112,24288.24,1253.0
1113,26011.57,1150.0
1114,29676.6,972.0
1116,110672.45,85.0
1117,113102.74,75.0
1118,120077.74,62.0
1119,124262.01,55.0
1120,129204.33,47.0
1121,129686.94,44.0
1122,138488.19,36.0
1123,131091.09,41.0
1124,141614.02,32.0
1125,149128.49,29.0
1126,173951.71,25.0
1128,34181.79,801.0
1129,34271.7,797.0
1130,35956.42,757.0
1131,36393.32,743.0
1132,37329.36,714.0
1133,38016.09,692.0
1134,39554.3,656.0
1135,38318.23,683.0
1136,40784.79,625.0
1137,42888.94,570.0
1138,48854.67,463.0
1140,24362.22,1244.0
1141,24306.9,1250.0
1142,25661.21,1173.0
1143,26241.74,1136.0
1144,27171.36,1093.0
1145,27518.7,1074.0
1146,28836.23,1003.0
1147,28333.4,1034.0
1148,30622.81,933.0
1149,32834.3,849.0
1150,36772.02,730.0
1152,11940.67,2071.0
1153,12028.39,2063.0
1154,12658.41,2013.0
1155,12975.26,1988.0
1156,13554.38,1933.0
1157,13536.64,1938.0
1158,14098.17,1892.0
1159,13871.56,1909.0
1160,15015.4,1828.0
1161,15575.97,1794.0
1162,17772.3,1674.0
1164,117927.33,65.0
1165,120263.25,60.0
1166,127281.21,50.0
1167,129686.65,45.0
1168,133398.53,40.0
1169,134004.33,39.0
1170,142038.3,31.0
1171,134717.75,37.0
1172,146932.64,30.0
1173,153077.89,26.0
1174,175748.64,24.0
1176,61381.35,313.0
1177,62460.98,299.0
1178,65987.51,268.0
1179,67031.87,259.0
1180,69547.85,241.0
1181,70506.19,234.0
1182,74643.42,214.0
1183,72217.72,222.0
1184,78139.31,198.0
1185,81359.47,191.0
1186,93437.75,139.0
1188,15689.13,1788.0
1189,16058.12,1769.0
1190,17223.47,1700.0
1191,17987.64,1654.0
1192,18582.4,1627.0
1193,19089.1,1595.0
1194,20250.89,1510.0
1195,17889.46,1665.0
1196,19933.8,1536.0
1197,22063.99,1385.0
1198,25775.11,1161.0
1200,91853.3,146.0
1201,93162.76,142.0
1202,99269.77,115.0
1203,99985.73,113.0
1204,103559.05,102.0
1205,106584.84,95.0
1206,111527.97,80.0
1207,108832.27,92.0
1208,118986.13,64.0
1209,124646.0,54.0
1210,140321.68,34.0
1212,16892.21,1719.0
1213,16976.4,1714.0
1214,18007.26,1652.0
1215,18368.65,1635.0
1216,19000.84,1600.0
1217,19555.68,1559.0
1218,20852.95,1462.0
1219,20109.2,1523.0
1220,22149.55,1377.0
1221,23823.1,1285.0
1222,27383.61,1084.0
1224,1014.37,2781.0
1225,1021.36,2780.0
1226,1084.11,2775.0
1227,1108.3,2773.0
1228,1114.6,2771.0
1229,1146.13,2769.0
1230,1208.18,2766.0
1231,1172.08,2768.0
1232,1278.87,2764.0
1233,1344.78,2761.0
1234,1480.1,2758.0
1236,918.21,2784.0
1237,937.19,2783.0
1238,1001.33,2782.0
1239,1023.33,2778.0
1240,1041.24,2777.0
1241,1063.42,2776.0
1242,1119.47,2770.0
1243,1099.8,2774.0
1244,1226.06,2765.0
1245,1293.09,2762.0
1246,1411.75,2759.0
1248,24676.58,1225.0
1249,24862.94,1211.0
1250,26433.3,1129.0
1251,27149.99,1095.0
1252,28567.39,1021.0
1253,28766.22,1009.0
1254,30238.38,946.0
1255,27842.29,1061.0
1256,30887.64,926.0
1257,32888.87,844.0
1258,37737.9,699.0
1260,0.0,2826.5
1261,0.0,2826.5
1262,0.0,2826.5
1263,0.0,2826.5
1264,0.0,2826.5
1265,0.0,2826.5
1266,0.0,2826.5
1267,0.0,2826.5
1268,0.0,2826.5
1269,0.0,2826.5
2868,20580.22,1487.0
2869,20597.02,1486.0
2870,20998.4,1452.0
2871,21185.27,1444.0
2872,21815.31,1410.0
2873,22124.04,1379.0
2874,22594.48,1353.0
2875,22860.22,1335.0
2876,23601.92,1298.0
2877,24687.23,1223.0
2878,25568.6,1178.0
2880,27486.57,1077.0
2881,28098.66,1049.0
2882,29030.49,998.0
2883,29659.82,975.0
2884,30301.32,944.0
2885,31863.91,891.0
2886,32812.99,851.0
2887,33093.3,834.0
2888,35429.27,770.0
2889,37103.06,723.0
2890,40745.8,627.0
2892,17727.93,1675.0
2893,17774.6,1673.0
2894,18122.48,1645.0
2895,18263.22,1638.0
2896,18807.22,1613.0
2897,19097.46,1594.0
2898,19631.27,1555.0
2899,19641.08,1554.0
2900,20168.51,1517.0
2901,20825.31,1467.0
2902,21972.49,1395.0
2904,18778.76,1616.0
2905,18873.78,1608.0
2906,19134.07,1589.0
2907,19324.43,1574.0
2908,20040.08,1528.0
2909,20313.94,1507.0
2910,20871.46,1461.0
2911,20720.13,1473.0
2912,20597.41,1485.0
2913,21833.44,1406.0
2914,22381.11,1367.0
2916,515.01,2795.0
2917,515.31,2794.0
2918,539.64,2793.0
2919,542.79,2792.0
2920,546.19,2791.0
2921,555.11,2790.0
2922,565.58,2789.0
2923,570.73,2788.0
2924,603.37,2787.0
2925,628.87,2786.0
2926,668.07,2785.0
1272,241830.63,14.0
1273,245277.54,12.0
1274,246850.95,11.0
1275,251422.37,10.0
1276,257037.27,9.0
1277,258499.17,8.0
1278,271393.35,5.0
1279,271147.54,6.0
1280,281961.43,3.0
1281,302323.01,2.0
1282,329774.71,1.0
1284,42543.3,580.0
1285,42448.87,583.0
1286,42298.11,587.0
1287,42573.24,579.0
1288,43158.8,566.0
1289,44223.25,544.0
1290,45399.9,521.0
1291,45825.35,507.0
1292,47132.19,490.0
1293,50038.16,442.0
1294,54243.99,390.0
1296,26897.68,1106.0
1297,27022.5,1098.0
1298,26738.83,1113.0
1299,26740.98,1112.0
1300,26991.17,1099.0
1301,27453.34,1079.0
1302,28077.45,1050.0
1303,28392.06,1030.0
1304,29068.17,996.0
1305,30920.07,925.0
1306,33482.6,822.0
1308,18635.38,1623.0
1309,18820.64,1610.0
1310,18946.42,1603.0
1311,19162.72,1587.0
1312,19576.28,1556.0
1313,19795.63,1543.0
1314,20205.97,1515.0
1315,20458.01,1501.0
1316,21342.34,1432.0
1317,22261.49,1371.0
1318,24039.38,1267.0
1320,23812.55,1287.0
1321,23952.24,1274.0
1322,23851.35,1281.0
1323,24041.42,1266.0
1324,24491.52,1231.0
1325,24901.15,1207.0
1326,25489.3,1183.0
1327,25770.28,1163.0
1328,26548.25,1122.0
1329,28285.38,1038.0
1330,30701.48,931.0
1332,29863.55,964.0
1333,29924.6,962.0
1334,29799.41,969.0
1335,29824.75,966.0
1336,30388.24,942.0
1337,31232.38,911.0
1338,31998.91,880.0
1339,32262.32,872.0
1340,33238.01,828.0
1341,35354.25,773.0
1342,38315.6,684.0
1344,58882.95,337.0
1345,59222.13,335.0
1346,59555.16,332.0
1347,59828.04,328.0
1348,60645.44,321.0
1349,61915.99,307.0
1350,64444.22,287.0
1351,65082.16,280.0
1352,67583.19,253.0
1353,71447.87,230.0
1354,77333.49,203.0
1356,29908.88,963.0
1357,29661.68,974.0
1358,29549.89,982.0
1359,29322.66,990.0
1360,29637.16,977.0
1361,30925.03,924.0
1362,32073.5,876.0
1363,31894.45,889.0
1364,32869.65,846.0
1365,34984.98,781.0
1366,37714.32,701.0
1368,30781.62,929.0
1369,31003.18,920.0
1370,31579.92,901.0
1371,31815.21,893.0
1372,32462.04,861.0
1373,32766.83,853.0
1374,33745.38,816.0
1375,33967.83,808.0
1376,35771.74,763.0
1377,37255.47,719.0
1378,40351.99,636.0
1380,20654.85,1478.0
1381,20480.94,1497.0
1382,20437.79,1503.0
1383,20463.03,1500.0
1384,20873.18,1460.0
1385,21453.34,1426.0
1386,22060.71,1386.0
1387,22261.08,1372.0
1388,22940.49,1330.0
1389,24333.08,1247.0
1390,26426.15,1130.0
1392,36727.29,734.0
1393,36739.61,732.0
1394,37282.4,718.0
1395,37325.8,715.0
1396,37834.97,696.0
1397,38056.27,691.0
1398,39099.69,667.0
1399,39612.82,654.0
1400,40878.39,622.0
1401,43613.6,558.0
1402,47161.39,488.0
1404,59838.66,327.0
1405,60045.71,324.0
1406,60506.53,322.0
1407,61713.44,309.0
1408,62786.22,296.0
1409,64394.61,288.0
1410,66545.14,263.0
1411,67415.22,255.0
1412,69781.28,239.0
1413,75121.56,211.0
1414,81748.33,190.0
1416,52735.58,413.0
1417,53107.07,406.0
1418,52917.3,408.0
1419,53912.78,394.0
1420,54990.53,381.0
1421,56353.52,366.0
1422,58678.42,342.0
1423,60119.79,323.0
1424,62237.0,302.0
1425,66659.21,262.0
1426,72720.14,221.0
1428,54369.67,387.0
1429,55054.93,379.0
1430,55446.89,375.0
1431,56741.69,362.0
1432,57759.59,353.0
1433,59507.68,333.0
1434,62074.73,305.0
1435,63176.39,295.0
1436,65430.58,276.0
1437,70484.29,235.0
1438,76885.87,205.0
1440,12124.17,2055.0
1441,12320.38,2043.0
1442,12224.46,2050.0
1443,12394.87,2037.0
1444,12518.93,2028.0
1445,12567.29,2024.0
1446,13118.23,1977.0
1447,13399.77,1951.0
1448,13636.63,1930.0
1449,13962.47,1901.0
1450,15093.84,1826.0
1452,28677.18,1012.0
1453,28805.89,1006.0
1454,28471.85,1027.0
1455,28310.75,1037.0
1456,29346.25,988.0
1457,30017.82,958.0
1458,31313.47,910.0
1459,31932.87,887.0
1460,32857.76,848.0
1461,35169.44,779.0
1462,38293.22,685.0
1464,42434.35,584.0
1465,42834.52,572.0
1466,42840.79,571.0
1467,43558.1,559.0
1468,44216.36,545.0
1469,45625.76,515.0
1470,47650.44,478.0
1471,49002.0,460.0
1472,50383.84,436.0
1473,54296.62,388.0
1474,58962.73,336.0
1476,48993.52,461.0
1477,49353.77,453.0
1478,49628.27,447.0
1479,50358.06,437.0
1480,51566.66,425.0
1481,52424.11,417.0
1482,54856.24,383.0
1483,55675.54,372.0
1484,57203.73,359.0
1485,61604.69,311.0
1486,67139.01,258.0
1488,22460.5,1362.0
1489,22476.67,1361.0
1490,22228.48,1374.0
1491,22580.71,1356.0
1492,22752.42,1341.0
1493,23295.67,1314.0
1494,23862.21,1280.0
1495,24341.01,1245.0
1496,24900.96,1208.0
1497,26495.34,1125.0
1498,28806.3,1005.0
1500,110153.46,89.0
1501,111487.17,81.0
1502,113097.18,76.0
1503,115320.92,71.0
1504,117728.27,67.0
1505,120121.59,61.0
1506,123187.0,56.0
1507,124862.94,53.0
1508,127951.55,49.0
1509,138668.75,35.0
1510,150748.94,27.0
1512,86189.35,169.0
1513,86238.97,168.0
1514,86440.75,165.0
1515,87959.36,159.0
1516,88933.06,153.0
1517,91777.37,147.0
1518,95468.93,131.0
1519,97563.17,122.0
1520,100493.51,112.0
1521,110106.45,90.0
1522,120282.87,59.0
1524,5291.91,2615.0
1525,5226.43,2621.0
1526,5247.64,2620.0
1527,5409.61,2609.0
1528,5672.78,2589.0
1529,5937.41,2566.0
1530,6160.45,2531.0
1531,6398.01,2505.0
1532,6611.48,2488.0
1533,7025.99,2448.0
1534,7663.19,2403.0
1536,5930.74,2567.0
1537,6132.97,2537.0
1538,6105.8,2543.0
1539,6086.77,2546.0
1540,6110.83,2542.0
1541,6091.74,2545.0
1542,6157.98,2532.0
1543,6180.48,2528.0
1544,6625.91,2485.0
1545,6620.96,2486.0
1546,6974.25,2452.0
1548,5541.29,2600.0
1549,5610.64,2593.0
1550,5651.32,2590.0
1551,5708.69,2588.0
1552,5788.95,2582.0
1553,5883.68,2574.0
1554,5754.69,2585.0
1555,5862.98,2576.0
1556,6255.11,2518.0
1557,6298.49,2513.0
1558,6549.45,2493.0
1560,2500.77,2733.0
1561,2650.78,2725.0
1562,2617.08,2727.0
1563,2662.55,2723.0
1564,2687.22,2722.0
1565,2808.88,2720.0
1566,2811.48,2718.0
1567,2810.46,2719.0
1568,2946.96,2715.0
1569,3100.7,2706.0
1570,3167.41,2697.0
1572,10667.88,2180.0
1573,11512.64,2108.0
1574,11292.74,2130.0
1575,11574.76,2100.0
1576,11648.06,2096.0
1577,12041.7,2061.0
1578,12284.4,2044.0
1579,12745.74,2004.0
1580,13322.31,1958.0
1581,14257.83,1872.0
1582,15163.42,1820.0
1584,1022.49,2779.0
1585,1109.71,2772.0
1586,1206.59,2767.0
1587,1285.73,2763.0
1588,1365.55,2760.0
1589,1480.99,2757.0
1590,1599.94,2756.0
1591,1678.86,2755.0
1592,1743.85,2754.0
1593,2001.34,2753.0
1594,2210.55,2748.0
1596,0.0,2826.5
1597,0.0,2826.5
1598,0.0,2826.5
1599,0.0,2826.5
1600,0.0,2826.5
1601,0.0,2826.5
1602,0.0,2826.5
1608,9267.33,2280.0
1609,9130.15,2296.0
1610,9130.8,2295.0
1611,9592.62,2254.0
1612,9651.02,2252.0
1613,10054.68,2219.0
1614,10766.99,2170.0
1615,11023.75,2149.0
1616,13147.51,1975.0
1617,14188.33,1880.0
1618,13547.58,1935.0
1620,12108.25,2056.0
1621,12635.61,2016.0
1622,12597.12,2019.0
1623,13208.44,1969.0
1624,13375.66,1953.0
1625,13927.78,1904.0
1626,14236.18,1875.0
1627,13918.35,1905.0
1628,15953.13,1776.0
1629,16549.24,1743.0
1630,19246.17,1581.0
1632,8849.34,2311.0
1633,9088.75,2298.0
1634,8844.67,2312.0
1635,9097.78,2297.0
1636,9347.2,2274.0
1637,9726.91,2246.0
1638,9936.38,2229.0
1639,9930.09,2231.0
1640,10883.63,2159.0
1641,11433.73,2115.0
1642,13524.83,1941.0
1644,6862.38,2464.0
1645,6937.77,2454.0
1646,6888.64,2460.0
1647,7292.84,2430.0
1648,7453.16,2420.0
1649,7875.47,2387.0
1650,8253.02,2359.0
1651,8417.75,2345.0
1652,9715.67,2248.0
1653,10615.11,2187.0
1654,11420.33,2117.0
1980,23871.73,1279.0
1981,22402.39,1366.0
1982,24851.69,1212.0
1983,24296.04,1251.0
1984,25678.18,1171.0
1985,28548.19,1022.0
1986,31789.86,895.0
1987,30082.29,953.0
1988,33203.28,830.0
1989,37330.62,713.0
1990,42096.59,594.0
1992,11128.57,2142.0
1993,11413.64,2119.0
1994,11432.91,2116.0
1995,12282.27,2045.0
1996,12608.33,2018.0
1997,13368.67,1954.0
1998,15139.93,1822.0
1999,15236.57,1814.0
2000,17129.1,1707.0
2001,19282.6,1579.0
2002,20764.18,1471.0
2004,9746.26,2242.0
2005,10097.63,2215.0
2006,9928.71,2232.0
2007,10620.06,2186.0
2008,10933.13,2154.0
2009,11924.71,2074.0
2010,12846.05,1999.0
2011,12141.63,2054.0
2012,13415.67,1946.0
2013,14646.61,1845.0
2014,15727.31,1785.0
2016,9185.2,2291.0
2017,9374.24,2271.0
2018,9255.52,2282.0
2019,9655.09,2251.0
2020,9990.87,2223.0
2021,10763.24,2171.0
2022,11294.44,2129.0
2023,10862.16,2163.0
2024,11734.93,2087.0
2025,12939.24,1990.0
2026,13993.39,1899.0
2028,7440.42,2424.0
2029,7610.93,2407.0
2030,7478.35,2417.0
2031,7763.72,2391.0
2032,8116.07,2368.0
2033,8622.32,2329.0
2034,8844.16,2313.0
2035,8493.02,2341.0
2036,9242.94,2286.0
2037,9935.94,2230.0
2038,10658.15,2182.0
2040,8647.33,2328.0
2041,9085.32,2299.0
2042,8916.2,2307.0
2043,9246.93,2285.0
2044,9573.17,2256.0
2045,10239.37,2207.0
2046,10447.08,2193.0
2047,10003.79,2222.0
2048,10606.34,2188.0
2049,11286.01,2131.0
2050,12744.33,2005.0
2052,11089.16,2144.0
2053,11723.84,2089.0
2054,11567.08,2103.0
2055,12003.51,2067.0
2056,12575.26,2022.0
2057,13651.98,1928.0
2058,13996.84,1898.0
2059,13579.26,1931.0
2060,14549.17,1857.0
2061,15271.3,1811.0
2062,17619.35,1680.0
2064,10307.73,2204.0
2065,10712.63,2176.0
2066,10647.75,2184.0
2067,11168.45,2138.0
2068,11751.64,2084.0
2069,12617.78,2017.0
2070,13027.56,1983.0
2071,12403.68,2035.0
2072,13644.82,1929.0
2073,14227.41,1877.0
2074,15436.08,1802.0
2076,0.0,2826.5
2077,0.0,2826.5
2078,0.0,2826.5
2079,0.0,2826.5
2080,0.0,2826.5
2081,0.0,2826.5
2082,0.0,2826.5
2083,0.0,2826.5
2084,0.0,2826.5
840,11925.12,2073.0
841,11699.2,2092.0
842,12229.21,2049.0
843,12569.52,2023.0
844,13056.96,1980.0
845,13342.45,1956.0
846,13911.72,1907.0
847,14404.94,1863.0
848,15120.47,1824.0
849,16282.92,1760.0
850,17844.26,1667.0
852,24311.96,1248.0
853,23828.36,1283.0
854,25049.34,1202.0
855,25854.53,1158.0
856,27188.68,1092.0
857,27312.0,1087.0
858,28434.05,1028.0
859,28676.39,1013.0
860,30995.66,921.0
861,33596.17,819.0
862,36561.15,740.0
864,31582.57,900.0
865,30831.53,927.0
866,32915.94,843.0
867,34771.83,786.0
868,36540.29,741.0
869,37694.08,702.0
870,40445.94,634.0
871,40603.82,631.0
872,43948.92,553.0
873,47724.28,477.0
874,53323.2,403.0
1656,78445.66,196.0
1657,77803.61,201.0
1658,78286.47,197.0
1659,80805.51,193.0
1660,83371.24,179.0
1661,84630.67,174.0
1662,86420.17,166.0
1663,83557.34,178.0
1664,87932.81,160.0
1665,94295.83,133.0
1666,101783.26,107.0
1667,107048.46,94.0
1668,2278.12,2742.0
1669,2262.17,2744.0
1670,2275.03,2743.0
1671,2320.88,2740.0
1672,2378.36,2738.0
1673,2409.88,2737.0
1674,2456.23,2734.0
1675,2332.07,2739.0
1676,2437.39,2736.0
1677,2643.79,2726.0
1678,2836.26,2717.0
1679,2965.18,2713.0
1680,27657.42,1066.0
1681,27376.06,1085.0
1682,27420.41,1082.0
1683,28337.69,1033.0
1684,29482.19,984.0
1685,29372.89,987.0
1686,30050.19,955.0
1687,28826.84,1004.0
1688,30439.89,939.0
1689,33156.82,832.0
1690,35676.63,767.0
1691,36720.48,735.0
1692,193656.48,22.0
1693,192421.18,23.0
1694,195891.29,21.0
1695,202267.88,20.0
1696,209959.1,19.0
1697,211475.07,18.0
1698,217495.35,16.0
1699,213431.88,17.0
1700,226212.66,15.0
1701,244440.27,13.0
1702,265057.81,7.0
1703,275179.23,4.0
1704,19129.71,1590.0
1705,18714.83,1619.0
1706,19021.2,1597.0
1707,19468.71,1564.0
1708,19882.51,1540.0
1709,20183.57,1516.0
1710,20537.93,1491.0
1711,20001.77,1530.0
1712,21306.79,1436.0
1713,22984.1,1326.0
1714,24647.93,1227.0
1715,25774.79,1162.0
1716,4135.55,2662.0
1717,4039.35,2666.0
1718,4107.3,2663.0
1719,4183.7,2660.0
1720,4232.84,2659.0
1721,4306.61,2655.0
1722,4408.48,2653.0
1723,4369.67,2654.0
1724,4594.16,2642.0
1725,4970.15,2630.0
1726,5252.35,2619.0
1727,5441.29,2607.0
1728,65772.42,269.0
1729,65740.74,270.0
1730,67189.68,257.0
1731,69224.2,244.0
1732,70051.12,236.0
1733,71592.81,227.0
1734,73702.06,219.0
1735,72142.8,224.0
1736,76535.15,206.0
1737,83224.09,180.0
1738,88998.64,152.0
1739,93216.91,140.0
1740,49827.35,445.0
1741,49484.38,451.0
1742,50692.36,432.0
1743,52197.14,418.0
1744,53367.77,402.0
1745,54560.58,385.0
1746,55883.02,371.0
1747,55318.95,378.0
1748,58020.51,346.0
1749,62119.61,304.0
1750,66086.63,267.0
1751,68928.32,245.0
1752,6900.93,2458.0
1753,6858.0,2465.0
1754,7095.27,2443.0
1755,7196.04,2438.0
1756,7285.47,2431.0
1757,7474.12,2419.0
1758,7687.65,2395.0
1759,7703.92,2393.0
1760,8042.98,2373.0
1761,8578.27,2333.0
1762,9225.15,2290.0
1763,9473.62,2265.0
1764,22553.26,1357.0
1765,22125.37,1378.0
1766,22446.57,1363.0
1767,23123.14,1321.0
1768,23912.49,1278.0
1769,24369.26,1243.0
1770,25040.1,1203.0
1771,24691.57,1222.0
1772,25719.12,1167.0
1773,27650.8,1067.0
1774,29652.31,976.0
1775,31080.14,915.0
1776,58712.05,341.0
1777,58003.37,347.0
1778,58825.24,338.0
1779,60856.31,318.0
1780,62325.31,300.0
1781,63471.05,292.0
1782,65404.43,277.0
1783,64896.57,281.0
1784,68853.46,246.0
1785,74413.71,217.0
1786,78878.7,195.0
1787,83089.19,182.0
1788,22021.9,1389.0
1789,21774.37,1412.0
1790,22052.1,1387.0
1791,22593.57,1354.0
1792,22699.19,1346.0
1793,23493.12,1304.0
1794,24118.75,1260.0
1795,23938.53,1276.0
1796,25250.43,1197.0
1797,27558.05,1072.0
1798,29293.86,993.0
1799,30581.89,934.0
1800,10986.66,2151.0
1801,10999.3,2150.0
1802,11355.42,2125.0
1803,11969.5,2070.0
1804,12487.65,2031.0
1805,13035.06,1982.0
1806,13412.92,1947.0
1807,13010.97,1985.0
1808,13325.48,1957.0
1809,14646.59,1846.0
1810,16089.59,1768.0
1811,16811.49,1726.0
1812,9832.1,2236.0
1813,9469.01,2267.0
1814,9561.19,2259.0
1815,9825.08,2239.0
1816,10068.2,2218.0
1817,10497.66,2191.0
1818,10815.27,2168.0
1819,10451.69,2192.0
1820,10980.14,2152.0
1821,12027.32,2064.0
1822,12814.2,2001.0
1823,13405.81,1949.0
1824,82709.66,184.0
1825,82472.62,185.0
1826,84225.86,176.0
1827,88116.28,158.0
1828,91086.06,149.0
1829,93526.14,138.0
1830,95138.91,132.0
1831,91947.14,145.0
1832,97342.96,123.0
1833,105247.88,98.0
1834,113176.42,74.0
1835,117639.57,68.0
1836,21588.47,1421.0
1837,21260.9,1441.0
1838,21704.51,1417.0
1839,22479.03,1360.0
1840,22964.75,1327.0
1841,23416.24,1309.0
1842,23978.41,1271.0
1843,23181.07,1317.0
1844,24566.75,1228.0
1845,26161.15,1144.0
1846,28141.61,1048.0
1847,29303.92,992.0
1848,85131.53,172.0
1849,84767.02,173.0
1850,85793.49,171.0
1851,88895.63,154.0
1852,92405.27,144.0
1853,93967.35,136.0
1854,95802.72,130.0
1855,93071.93,143.0
1856,97272.29,124.0
1857,105236.23,99.0
1858,112818.28,77.0
1859,116896.88,70.0
1860,63424.51,293.0
1861,63215.93,294.0
1862,63770.8,290.0
1863,66754.08,261.0
1864,68243.05,251.0
1865,70042.7,237.0
1866,71257.84,233.0
1867,67504.13,254.0
1868,71578.11,228.0
1869,78093.97,199.0
1870,83092.74,181.0
1871,86962.08,163.0
1872,14494.55,1858.0
1873,14189.08,1879.0
1874,14264.0,1870.0
1875,14635.63,1849.0
1876,14963.34,1832.0
1877,15307.26,1807.0
1878,15583.65,1793.0
1879,14982.4,1830.0
1880,15864.43,1779.0
1881,17218.53,1701.0
1882,18486.81,1633.0
1883,19286.25,1578.0
1884,24724.24,1219.0
1885,24391.0,1241.0
1886,24678.67,1224.0
1887,25690.16,1170.0
1888,26226.7,1138.0
1889,26803.25,1111.0
1890,27263.68,1088.0
1891,26364.2,1134.0
1892,27986.46,1056.0
1893,30120.45,951.0
1894,32067.69,877.0
1895,33012.41,836.0
1896,96307.39,128.0
1897,96397.66,127.0
1898,98132.87,119.0
1899,101029.22,110.0
1900,103178.71,104.0
1901,105709.75,97.0
1902,108272.53,93.0
1903,105231.25,100.0
1904,111486.45,82.0
1905,119845.64,63.0
1906,128753.33,48.0
1907,134291.3,38.0
1908,0.0,2826.5
1909,0.0,2826.5
1910,0.0,2826.5
1911,0.0,2826.5
1912,0.0,2826.5
1913,0.0,2826.5
1914,0.0,2826.5
1915,0.0,2826.5
1916,0.0,2826.5
1917,0.0,2826.5
1918,0.0,2826.5
1919,0.0,2826.5
1944,9868.44,2235.0
1945,10218.36,2210.0
1946,10726.68,2174.0
1947,11616.26,2097.0
1948,11649.02,2095.0
1949,12817.0,2000.0
1950,14145.35,1885.0
1951,14853.61,1837.0
1952,16641.55,1738.0
1953,17209.5,1702.0
1954,18009.73,1651.0
1955,19112.61,1593.0
1956,21332.43,1434.0
1957,21774.21,1413.0
1958,22737.17,1344.0
1959,23991.66,1270.0
1960,23747.02,1291.0
1961,24487.89,1232.0
1962,26521.85,1123.0
1963,28313.06,1036.0
1964,30188.41,950.0
1965,30563.13,935.0
1966,31957.37,883.0
1967,34980.05,782.0
1968,13854.07,1910.0
1969,14103.05,1889.0
1970,14362.2,1864.0
1971,14420.9,1861.0
1972,15282.47,1809.0
1973,16132.03,1765.0
1974,16388.13,1751.0
1975,16927.68,1717.0
1976,16986.13,1713.0
1977,18351.78,1636.0
1978,20124.98,1520.0
1979,21337.39,1433.0
1932,16394.08,1750.0
1933,16791.64,1729.0
1934,17982.0,1658.0
1935,18601.62,1625.0
1936,19682.38,1552.0
1937,20724.33,1472.0
1938,21436.2,1427.0
1939,21571.04,1423.0
1940,24050.88,1263.0
1941,24839.54,1214.0
1942,25117.29,1199.0
1943,26980.48,1100.0
2088,5350.6,2611.0
2089,5544.3,2599.0
2090,6080.11,2548.0
2091,6501.84,2496.0
2092,6930.14,2456.0
2093,7605.66,2408.0
2094,8380.46,2348.0
2095,8402.56,2346.0
2096,9045.23,2301.0
2097,10089.63,2216.0
2098,11685.28,2093.0
2099,13302.72,1961.0
2112,8284.75,2357.0
2113,8505.47,2340.0
2114,8750.96,2319.0
2115,9005.68,2304.0
2116,9247.58,2284.0
2117,9567.33,2258.0
2118,9800.79,2240.0
2119,10260.87,2206.0
2120,10686.05,2178.0
2121,11588.15,2099.0
2122,12466.92,2032.0
2124,9291.78,2279.0
2125,9556.26,2260.0
2126,9788.32,2241.0
2127,10004.49,2221.0
2128,10348.85,2201.0
2129,10900.23,2158.0
2130,11064.22,2145.0
2131,11473.1,2112.0
2132,11806.52,2081.0
2133,12972.84,1989.0
2134,14182.91,1882.0
2136,7022.4,2449.0
2137,7229.25,2435.0
2138,7572.55,2410.0
2139,7685.73,2396.0
2140,7947.65,2382.0
2141,8396.23,2347.0
2142,8508.31,2338.0
2143,8898.84,2308.0
2144,9353.43,2273.0
2145,10220.97,2208.0
2146,11149.65,2140.0
2148,16478.44,1748.0
2149,16855.69,1724.0
2150,17302.17,1696.0
2151,17611.66,1681.0
2152,18259.91,1639.0
2153,19224.75,1583.0
2154,19719.46,1548.0
2155,20767.97,1470.0
2156,22091.66,1382.0
2157,24041.62,1265.0
2158,26217.37,1140.0
2160,30561.63,936.0
2161,31044.92,917.0
2162,31837.46,892.0
2163,32409.92,864.0
2164,33798.01,814.0
2165,35867.65,760.0
2166,36848.85,729.0
2167,38658.63,675.0
2168,41008.94,618.0
2169,44812.88,531.0
2170,49113.46,458.0
2172,6209.99,2525.0
2173,6209.16,2526.0
2174,6229.41,2524.0
2175,6421.04,2504.0
2176,6662.54,2483.0
2177,7054.58,2446.0
2178,7339.7,2429.0
2179,7670.25,2400.0
2180,8193.13,2363.0
2181,9042.98,2302.0
2182,9742.43,2243.0
2184,45430.44,520.0
2185,46989.27,492.0
2186,47331.25,487.0
2187,49191.97,457.0
2188,50618.6,434.0
2189,53904.69,395.0
2190,55503.92,374.0
2191,57479.98,357.0
2192,62615.71,297.0
2193,68649.55,247.0
2194,71868.57,225.0
2196,6180.53,2527.0
2197,6119.69,2539.0
2198,6037.53,2553.0
2199,6135.29,2535.0
2200,6272.22,2517.0
2201,6591.92,2489.0
2202,6693.89,2479.0
2203,6935.86,2455.0
2204,7281.34,2433.0
2205,7999.86,2378.0
2206,8707.99,2321.0
2208,20688.67,1476.0
2209,21491.29,1424.0
2210,22105.21,1380.0
2211,22918.21,1332.0
2212,23741.03,1292.0
2213,25013.78,1204.0
2214,25730.81,1166.0
2215,27071.89,1097.0
2216,29194.63,995.0
2217,32002.94,879.0
2218,34473.87,792.0
2220,55990.82,369.0
2221,56163.99,368.0
2222,57610.22,354.0
2223,58821.8,339.0
2224,60869.87,317.0
2225,64779.56,283.0
2226,66509.2,264.0
2227,69781.32,238.0
2228,74489.77,215.0
2229,81944.7,189.0
2230,87612.66,161.0
2232,37792.93,697.0
2233,38808.34,674.0
2234,39936.57,646.0
2235,40952.88,619.0
2236,42637.83,576.0
2237,45069.4,529.0
2238,46547.98,500.0
2239,48808.44,466.0
2240,51802.37,422.0
2241,56966.81,361.0
2242,61609.78,310.0
2244,16617.71,1741.0
2245,16831.13,1725.0
2246,17258.36,1697.0
2247,17435.56,1689.0
2248,18086.53,1647.0
2249,18918.64,1605.0
2250,19292.34,1576.0
2251,20246.23,1511.0
2252,20936.56,1455.0
2253,22925.81,1331.0
2254,24848.21,1213.0
2256,0.0,2826.5
2257,0.0,2826.5
3024,6674.67,2482.0
3025,6821.14,2467.0
3026,6755.26,2475.0
3027,6613.12,2487.0
3028,7054.05,2447.0
3029,7220.55,2436.0
3030,7282.83,2432.0
3031,7007.74,2450.0
3036,7973.83,2380.0
3037,8144.44,2365.0
3038,8131.61,2367.0
3039,8042.0,2374.0
3040,8615.34,2330.0
3041,8830.61,2315.0
3042,9020.24,2303.0
3043,9175.97,2293.0
3048,8607.09,2331.0
3049,8798.23,2317.0
3050,8713.03,2320.0
3051,8566.6,2335.0
3052,9164.23,2294.0
3053,9338.33,2276.0
3054,9451.84,2268.0
3055,9473.11,2266.0
3060,34444.41,794.0
3061,35358.89,772.0
3062,36336.28,745.0
3063,35496.64,769.0
3064,37924.28,693.0
3065,38989.49,670.0
3066,39988.28,645.0
3067,40830.76,624.0
3072,12434.2,2033.0
3073,12736.32,2007.0
3074,12732.86,2008.0
3075,12401.29,2036.0
3076,13152.63,1971.0
3077,13408.27,1948.0
3078,13733.14,1922.0
3079,13688.6,1927.0
3084,25473.33,1185.0
3085,26208.4,1141.0
3086,26109.57,1145.0
3087,24996.37,1205.0
3088,26390.8,1133.0
3089,26850.03,1109.0
3090,27562.49,1071.0
3091,27760.82,1064.0
2388,34094.35,804.0
2389,36093.02,752.0
2390,37509.65,707.0
2391,38830.3,673.0
2392,40329.79,637.0
2393,42505.57,581.0
2394,45212.87,524.0
2395,47612.21,480.0
2396,46890.68,493.0
2397,51408.81,426.0
2398,54281.29,389.0
2400,55673.72,373.0
2401,57901.49,348.0
2402,59994.94,325.0
2403,60931.15,315.0
2404,62163.82,303.0
2405,64831.46,282.0
2406,68585.28,248.0
2407,71388.78,232.0
2408,69620.67,240.0
2409,75995.8,208.0
2410,80900.61,192.0
2412,39732.29,651.0
2413,41845.43,600.0
2414,43408.2,563.0
2415,45174.75,525.0
2416,46842.42,494.0
2417,48845.44,464.0
2418,51325.16,427.0
2419,53878.69,396.0
2420,52514.95,414.0
2421,57535.01,356.0
2422,61016.95,314.0
2424,18137.94,1644.0
2425,18884.74,1607.0
2426,19560.91,1558.0
2427,20128.54,1519.0
2428,20612.81,1482.0
2429,21617.18,1419.0
2430,22699.53,1345.0
2431,23958.32,1273.0
2432,23564.14,1301.0
2433,25611.52,1175.0
2434,26899.68,1105.0
2436,9961.47,2227.0
2437,10379.37,2198.0
2438,10692.74,2177.0
2439,11038.34,2146.0
2440,11343.94,2126.0
2441,11757.34,2083.0
2442,12353.65,2042.0
2443,12995.89,1987.0
2444,12752.77,2003.0
2445,13820.48,1914.0
2446,14682.27,1844.0
2448,32459.97,862.0
2449,34203.39,799.0
2450,35645.24,768.0
2451,36762.48,731.0
2452,37886.15,695.0
2453,39711.24,652.0
2454,42165.66,591.0
2455,45012.57,530.0
2456,43980.38,552.0
2457,47391.2,486.0
2458,50127.75,440.0
2460,9577.01,2255.0
2461,9964.57,2226.0
2462,10362.09,2200.0
2463,10720.68,2175.0
2464,10969.38,2153.0
2465,11487.0,2110.0
2466,12199.71,2051.0
2467,12870.15,1997.0
2468,12659.32,2012.0
2469,13717.27,1926.0
2470,14627.69,1852.0
2472,20510.45,1494.0
2473,21248.83,1442.0
2474,21833.12,1407.0
2475,22768.95,1340.0
2476,23502.16,1303.0
2477,24387.11,1242.0
2478,25577.25,1177.0
2479,27115.37,1096.0
2480,26732.68,1114.0
2481,29325.7,989.0
2482,31469.58,904.0
2484,13719.96,1924.0
2485,14102.24,1890.0
2486,14477.97,1860.0
2487,15167.41,1819.0
2488,15568.44,1795.0
2489,16122.96,1767.0
2490,16890.05,1720.0
2491,17923.49,1661.0
2492,17672.92,1678.0
2493,19322.26,1575.0
2494,20499.63,1496.0
2496,24308.05,1249.0
2497,25608.31,1176.0
2498,26460.12,1128.0
2499,27402.17,1083.0
2500,28284.3,1039.0
2501,29711.71,971.0
2502,31477.31,903.0
2503,33274.4,827.0
2504,32966.54,839.0
2505,36030.55,753.0
2506,38083.15,690.0
2508,27548.93,1073.0
2509,28788.41,1007.0
2510,29633.01,978.0
2511,30640.18,932.0
2512,31639.35,897.0
2513,32884.99,845.0
2514,34567.27,790.0
2515,36627.68,739.0
2516,35788.82,761.0
2517,39180.86,662.0
2518,42060.01,596.0
2520,12076.84,2058.0
2521,12501.49,2029.0
2522,12920.57,1993.0
2523,13380.36,1952.0
2524,13832.35,1912.0
2525,14360.82,1865.0
2526,14930.11,1833.0
2527,15706.77,1786.0
2528,15497.54,1800.0
2529,16874.12,1721.0
2530,17950.78,1660.0
2532,20500.88,1495.0
2533,21184.64,1445.0
2534,21610.34,1420.0
2535,22693.53,1347.0
2536,23341.06,1312.0
2537,24054.59,1262.0
2538,25265.11,1196.0
2539,26597.2,1118.0
2540,26095.57,1146.0
2541,28421.92,1029.0
2542,30410.44,941.0
2544,17984.41,1655.0
2545,18699.57,1620.0
2546,19406.16,1570.0
2547,20229.37,1512.0
2548,20911.82,1458.0
2549,21953.63,1397.0
2550,23171.05,1319.0
2551,24396.86,1240.0
2552,24289.99,1252.0
2553,25996.15,1151.0
2554,28026.33,1052.0
2556,11544.67,2107.0
2557,11595.77,2098.0
2558,11814.95,2080.0
2559,12490.52,2030.0
2560,12852.97,1998.0
2561,13244.43,1966.0
2562,13915.54,1906.0
2563,14579.75,1856.0
2564,14304.81,1867.0
2565,15857.16,1780.0
2566,16809.6,1727.0
2568,50738.13,431.0
2569,53265.08,404.0
2570,55018.63,380.0
2571,56469.67,364.0
2572,57877.36,349.0
2573,60787.34,320.0
2574,65397.35,278.0
2575,69333.61,242.0
2576,66988.91,260.0
2577,72145.04,223.0
2578,77149.53,204.0
2580,24775.73,1216.0
2581,26609.08,1117.0
2582,27688.54,1065.0
2583,28776.48,1008.0
2584,29989.61,961.0
2585,30945.77,923.0
2586,32382.64,865.0
2587,34125.2,803.0
2588,33153.8,833.0
2589,37448.65,711.0
2590,40405.24,635.0
2592,39625.4,653.0
2593,39395.13,659.0
2594,41094.6,615.0
2595,42050.77,597.0
2596,42209.48,589.0
2597,44587.47,536.0
2598,46561.92,499.0
2599,44766.76,532.0
2600,48033.89,474.0
2601,52909.39,409.0
2602,58561.98,343.0
2604,5977.23,2559.0
2605,6120.59,2538.0
2606,6365.04,2509.0
2607,6687.35,2480.0
2608,6979.26,2451.0
2609,7435.33,2425.0
2610,7903.31,2386.0
2611,7365.95,2428.0
2612,8112.69,2369.0
2613,9262.8,2281.0
2614,10376.22,2199.0
2616,19898.7,1539.0
2617,19443.8,1567.0
2618,20471.76,1498.0
2619,20924.43,1456.0
2620,20983.83,1453.0
2621,21833.8,1405.0
2622,22804.57,1338.0
2623,21827.59,1409.0
2624,23563.2,1302.0
2625,25613.91,1174.0
2626,28261.58,1041.0
2628,32424.86,863.0
2629,31439.49,906.0
2630,31946.76,885.0
2631,32382.17,866.0
2632,32534.89,858.0
2633,34303.8,796.0
2634,36115.43,750.0
2635,34627.29,789.0
2636,36929.07,726.0
2637,40698.57,629.0
2638,45528.56,518.0
2640,9740.72,2244.0
2641,9488.08,2264.0
2642,9739.97,2245.0
2643,9979.87,2225.0
2644,10193.07,2211.0
2645,10866.67,2160.0
2646,11443.06,2114.0
2647,10915.05,2156.0
2648,11934.93,2072.0
2649,13022.87,1984.0
2650,14489.02,1859.0
2652,6057.66,2551.0
2653,5975.01,2560.0
2654,6166.48,2530.0
2655,6312.24,2511.0
2656,6233.52,2522.0
2657,6568.38,2491.0
2658,6868.91,2463.0
2659,6580.24,2490.0
2660,7061.91,2445.0
2661,7689.13,2394.0
2662,8698.14,2324.0
2664,9830.54,2237.0
2665,9719.14,2247.0
2666,10177.32,2213.0
2667,10408.97,2196.0
2668,10344.92,2202.0
2669,10745.19,2172.0
2670,11327.8,2128.0
2671,10863.64,2162.0
2672,11724.68,2088.0
2673,12707.72,2009.0
2674,14158.7,1884.0
2676,3112.82,2705.0
2677,3061.84,2709.0
2678,3183.68,2696.0
2679,3185.52,2694.0
2680,3165.12,2698.0
2681,3309.89,2692.0
2682,3482.09,2682.0
2683,3319.17,2691.0
2684,3532.54,2679.0
2685,3852.76,2671.0
2686,4288.4,2657.0
2688,3185.4,2695.0
2689,3091.18,2707.0
2690,3151.63,2700.0
2691,3336.85,2690.0
2692,3352.76,2689.0
2693,3512.44,2681.0
2694,3638.47,2675.0
2695,3414.6,2687.0
2696,3641.91,2674.0
2697,4095.85,2664.0
2698,4649.33,2641.0
2700,17325.13,1693.0
2701,18067.16,1648.0
2702,19169.6,1586.0
2703,21741.43,1415.0
2704,24440.74,1236.0
2705,25893.22,1157.0
2706,29821.31,968.0
2707,30547.37,937.0
2708,32126.57,875.0
2709,33979.92,807.0
2710,37494.04,709.0
2712,16501.61,1745.0
2713,16795.62,1728.0
2714,17815.88,1669.0
2715,20037.73,1529.0
2716,21985.55,1393.0
2717,23364.13,1311.0
2718,26623.1,1116.0
2719,27434.06,1080.0
2720,28730.76,1010.0
2721,30241.09,945.0
2722,34040.7,806.0
2724,17494.2,1685.0
2725,17698.11,1676.0
2726,18500.66,1632.0
2727,20650.92,1479.0
2728,23033.72,1323.0
2729,24465.74,1233.0
2730,28943.1,1000.0
2731,30032.17,957.0
2732,32007.73,878.0
2733,33004.58,837.0
2734,37501.89,708.0
2736,16329.68,1754.0
2737,16150.45,1764.0
2738,16761.75,1731.0
2739,18088.02,1646.0
2740,20213.65,1513.0
2741,21431.64,1429.0
2742,24413.86,1238.0
2743,23764.68,1290.0
2744,25932.24,1154.0
2745,26227.01,1137.0
2746,29383.22,986.0
2748,18786.64,1615.0
2749,18682.24,1621.0
2750,19810.34,1541.0
2751,21412.14,1430.0
2752,23813.99,1286.0
2753,24984.15,1206.0
2754,28626.1,1017.0
2755,28678.13,1011.0
2756,30109.6,952.0
2757,31437.87,907.0
2758,34147.86,802.0
2760,27800.75,1063.0
2761,28363.05,1032.0
2762,31630.77,898.0
2763,36391.08,744.0
2764,41063.01,617.0
2765,42163.2,592.0
2766,49230.0,455.0
2767,49969.14,443.0
2768,52839.16,412.0
2769,57472.17,358.0
2770,65541.55,274.0
2772,12088.42,2057.0
2773,12024.22,2065.0
2774,12374.14,2039.0
2775,13577.12,1932.0
2776,15390.27,1803.0
2777,16384.7,1752.0
2778,19243.61,1582.0
2779,19426.46,1569.0
2780,19750.47,1545.0
2781,20112.15,1521.0
2782,22639.93,1350.0
2784,15220.38,1815.0
2785,15147.94,1821.0
2786,16177.69,1763.0
2787,17999.02,1653.0
2788,19184.23,1584.0
2789,19970.82,1533.0
2790,22995.51,1325.0
2791,22543.76,1358.0
2792,23608.38,1297.0
2793,24442.0,1235.0
2794,26814.8,1110.0
2928,41167.42,613.0
2929,41733.42,602.0
2930,42754.28,575.0
2931,43424.42,562.0
2932,44203.7,546.0
2933,45750.15,511.0
2934,48316.31,473.0
2935,48639.56,468.0
2936,51981.45,421.0
2937,57198.58,360.0
2938,59636.05,330.0
2940,25492.51,1182.0
2941,26032.15,1149.0
2942,26577.99,1119.0
2943,26632.15,1115.0
2944,27199.85,1091.0
2945,27992.75,1055.0
2946,28673.75,1014.0
2947,28595.4,1019.0
2948,30443.27,938.0
2949,32947.56,840.0
2950,34194.8,800.0
2952,12900.9,1996.0
2953,13151.84,1972.0
2954,13359.08,1955.0
2955,13459.5,1943.0
2956,13816.92,1915.0
2957,14099.05,1891.0
2958,14241.17,1874.0
2959,14013.49,1896.0
2960,15072.68,1827.0
2961,16295.21,1759.0
2962,16929.27,1716.0
2964,23274.23,1315.0
2965,23679.2,1293.0
2966,24155.19,1257.0
2967,24209.06,1256.0
2968,24731.83,1218.0
2969,25357.6,1189.0
2970,26050.78,1147.0
2971,26043.2,1148.0
2972,27803.81,1062.0
2973,30234.85,947.0
2974,31414.48,908.0
2976,31939.47,886.0
2977,32705.85,855.0
2978,33226.44,829.0
2979,33626.89,818.0
2980,34318.95,795.0
2981,35283.01,775.0
2982,36199.33,749.0
2983,35901.86,759.0
2984,38413.64,679.0
2985,41671.71,604.0
2986,43507.3,561.0
2988,12913.21,1994.0
2989,13148.02,1974.0
2990,13307.95,1960.0
2991,13231.01,1968.0
2992,13538.19,1937.0
2993,13815.61,1916.0
2994,13951.82,1903.0
2995,13791.17,1917.0
2996,14721.01,1842.0
2997,15753.97,1783.0
2998,16295.79,1758.0
3000,5764.61,2584.0
3001,5891.93,2573.0
3002,5957.87,2563.0
3003,5895.69,2572.0
3004,5988.74,2556.0
3005,6100.85,2544.0
3006,6148.71,2533.0
3007,6112.64,2541.0
3008,6503.42,2495.0
3009,6910.74,2457.0
3010,7206.82,2437.0
3012,8087.56,2371.0
3013,8243.26,2360.0
3014,8303.6,2354.0
3015,8221.47,2362.0
3016,8357.73,2349.0
3017,8528.15,2337.0
3018,8654.96,2326.0
3019,8700.37,2322.0
3020,9308.3,2277.0
3021,9896.34,2234.0
3022,10404.04,2197.0
2796,12263.08,2046.0
2797,12360.36,2041.0
2798,12657.1,2014.0
2799,13056.75,1981.0
2800,13728.67,1923.0
2801,14615.29,1854.0
2802,15624.94,1790.0
2803,16362.83,1753.0
2804,17418.17,1691.0
2805,18914.91,1606.0
2806,20078.26,1524.0
2807,20825.37,1466.0
2808,11571.79,2102.0
2809,11544.8,2106.0
2810,11737.4,2086.0
2811,12171.7,2053.0
2812,12901.99,1995.0
2813,13547.85,1934.0
2814,14599.72,1855.0
2815,15106.84,1825.0
2816,16234.19,1761.0
2817,17592.15,1683.0
2818,18807.24,1612.0
2819,19728.97,1547.0
2820,10864.17,2161.0
2821,11255.61,2134.0
2822,11765.28,2082.0
2823,11180.49,2137.0
2824,11417.15,2118.0
2825,11834.39,2078.0
2826,12029.2,2062.0
2827,13400.33,1950.0
2828,14269.89,1869.0
2829,14758.72,1840.0
2830,16486.56,1747.0
2832,18043.1,1649.0
2833,18178.64,1641.0
2834,19112.87,1592.0
2835,17696.66,1677.0
2836,17643.01,1679.0
2837,18850.2,1609.0
2838,19451.54,1566.0
2839,20895.39,1459.0
2840,21890.16,1403.0
2841,22813.14,1337.0
2842,25717.89,1168.0
2844,13100.02,1978.0
2845,13502.63,1942.0
2846,14168.7,1883.0
2847,13134.98,1976.0
2848,12740.04,2006.0
2849,14140.21,1886.0
2850,14631.43,1851.0
2851,15550.63,1797.0
2852,16636.41,1740.0
2853,17465.91,1687.0
2854,19426.55,1568.0
2856,14347.94,1866.0
2857,14645.19,1847.0
2858,15589.7,1792.0
2859,14615.86,1853.0
2860,14207.94,1878.0
2861,15215.39,1816.0
2862,15519.69,1799.0
2863,16715.29,1734.0
2864,17899.76,1664.0
2865,19005.04,1599.0
2866,21480.58,1425.0
